	#Organism/Name	TaxID	BioProject Accession	BioProject ID	Group	SubGroup	Size (Mb)	GC%	Assembly Accession	Replicons	WGS	Scaffolds	Genes	Proteins	Release Date	Modify Date	Status	Center	BioSample Accession
2	Arabidopsis thaliana	3702	PRJNA10719	10719	Plants	Land Plants	119.669	36.0529	GCA_000001735.2	chromosome 1:NC_003070.9/CP002684.1; chromosome 2:NC_003071.7/CP002685.1; chromosome 3:NC_003074.8/CP002686.1; chromosome 4:NC_003075.7/CP002687.1; chromosome 5:NC_003076.8/CP002688.1; mitochondrion MT:NC_037304.1/BK010421.1; chloroplast Pltd:NC_000932.1/AP000423.1		7	38311.0	48265.0	2001/08/13	2022/10/20	Chromosome	The Arabidopsis Information Resource (TAIR)	SAMN03081427
13877	Arabidopsis thaliana	3702	PRJNA828135	828135	Plants	Land Plants	132.081	36.2436	GCA_023115395.1	chromosome 1:CP096024.1; chromosome 2:CP096025.1; chromosome 3:CP096026.1; chromosome 4:CP096027.1; chromosome 5:CP096028.1; mitochondrion MT:CP096029.1; chloroplast Pltd:CP096030.1		7			2022/04/26	2022/04/26	Complete Genome	The Salk Institute for Biological Studies	SAMN27631187
13879	Arabidopsis thaliana	3702	PRJNA777107	777107	Plants	Land Plants	133.917	36.3667	GCA_020911765.2	chromosome 1:CP087126.2; chromosome 2:CP087127.2; chromosome 3:CP087128.1; chromosome 4:CP087129.2; chromosome 5:CP087130.2		5			2021/11/22	2022/07/13	Chromosome	Institute of Genetics and Developmental Biology, The Innovative Academy of Seed Design	SAMN22999947
15956	Arabidopsis thaliana	3702	PRJEB50694	811908	Plants	Land Plants	136.135	36.39	GCA_946499665.1	chromosome 1:OX298797.1; chromosome 2:OX298798.1; chromosome 3:OX298799.1; chromosome 4:OX298800.1; chromosome 5:OX298801.1		5			2022/08/25	2022/08/27	Chromosome	max planck institute for developmental biology	SAMEA13018399
15963	Arabidopsis thaliana	3702	PRJEB37257	630635	Plants	Land Plants	118.889	36.1291	GCA_903064285.1	chromosome 1:LR797802.1; chromosome 2:LR797803.1; chromosome 3:LR797804.1; chromosome 4:LR797805.1; chromosome 5:LR797806.1		5			2020/05/15	2020/05/15	Chromosome	MAX PLANCK INSTITUTE FOR DEVELOPMENTAL BIOLOGY	SAMEA6623702
16912	Arabidopsis thaliana	3702	PRJEB37258	630636	Plants	Land Plants	119.797	36.157	GCA_903064295.1	chromosome 1:LR797797.1; chromosome 2:LR797798.1; chromosome 3:LR797799.1; chromosome 4:LR797800.1; chromosome 5:LR797801.1		5			2020/05/15	2020/05/15	Chromosome	MAX PLANCK INSTITUTE FOR DEVELOPMENTAL BIOLOGY	SAMEA6623703
16915	Arabidopsis thaliana	3702	PRJEB40125	662758	Plants	Land Plants	130.173	36.7061	GCA_904420315.1	chromosome 1:LR881466.1; chromosome 2:LR881467.1; chromosome 3:LR881468.1; chromosome 4:LR881469.1; chromosome 5:LR881470.1; mitochondrion MT:LR881472.1; chloroplast Pltd:LR881471.1		7	23404.0	23632.0	2020/09/11	2020/09/11	Chromosome	MAX-PLANCK INSTITUTE FOR DEVELOPMENTAL BIOLOGY	SAMEA7282576
17556	Arabidopsis thaliana	3702	PRJNA779205	779205	Plants	Land Plants	123.948	36.1972	GCA_024498475.1	chromosome 1:CP086739.1; chromosome 2:CP086740.1; chromosome 3:CP086741.1; chromosome 4:CP086742.1; chromosome 5:CP086743.1		5			2022/08/01	2022/08/01	Chromosome	GMI - Gregor Mendel Institute	SAMN23014731
17558	Arabidopsis thaliana	3702	PRJEB50694	811908	Plants	Land Plants	134.557	36.452	GCA_946499705.1	chromosome 1:OX298802.1; chromosome 2:OX298803.1; chromosome 3:OX298804.1; chromosome 4:OX298805.1; chromosome 5:OX298806.1		5			2022/08/25	2022/08/27	Chromosome	max planck institute for developmental biology	SAMEA13018400
18052	Arabidopsis thaliana	3702	PRJNA779205	779205	Plants	Land Plants	127.151	36.3269	GCA_024498435.1	chromosome 1:CP086729.1; chromosome 2:CP086730.1; chromosome 3:CP086731.1; chromosome 4:CP086732.1; chromosome 5:CP086733.1		5			2022/08/01	2022/08/01	Chromosome	GMI - Gregor Mendel Institute	SAMN23014733
18053	Arabidopsis thaliana	3702	PRJEB37252	630634	Plants	Land Plants	119.777	36.1708	GCA_902825305.1	chromosome 1:LR782542.1; chromosome 2:LR782543.1; chromosome 3:LR782544.1; chromosome 4:LR782545.1; chromosome 5:LR782546.1		5			2020/05/06	2020/05/06	Chromosome	MAX PLANCK INSTITUTE FOR DEVELOPMENTAL BIOLOGY	SAMEA6620825
18437	Arabidopsis thaliana	3702	PRJEB37261	630639	Plants	Land Plants	117.836	36.042	GCA_903064275.1	chromosome 1:LR797792.1; chromosome 2:LR797793.1; chromosome 3:LR797794.1; chromosome 4:LR797795.1; chromosome 5:LR797796.1		5			2020/05/15	2020/05/15	Chromosome	MAX PLANCK INSTITUTE FOR DEVELOPMENTAL BIOLOGY	SAMEA6623706
18438	Arabidopsis thaliana	3702	PRJNA779205	779205	Plants	Land Plants	126.09	36.1147	GCA_024498455.1	chromosome 1:CP086734.1; chromosome 2:CP086735.1; chromosome 3:CP086736.1; chromosome 4:CP086737.1; chromosome 5:CP086738.1		5			2022/08/01	2022/08/01	Chromosome	GMI - Gregor Mendel Institute	SAMN23014732
18764	Arabidopsis thaliana	3702	PRJNA779205	779205	Plants	Land Plants	124.618	36.1282	GCA_024498555.1	chromosome 1:CP086754.1; chromosome 2:CP086755.1; chromosome 3:CP086756.1; chromosome 4:CP086757.1; chromosome 5:CP086758.1		5			2022/08/01	2022/08/01	Chromosome	GMI - Gregor Mendel Institute	SAMN23014728
18766	Arabidopsis thaliana	3702	PRJNA779205	779205	Plants	Land Plants	122.66	36.1471	GCA_024498495.1	chromosome 1:CP086744.1; chromosome 2:CP086745.1; chromosome 3:CP086746.1; chromosome 4:CP086747.1; chromosome 5:CP086748.1		5			2022/08/01	2022/08/01	Chromosome	GMI - Gregor Mendel Institute	SAMN23014730
19044	Arabidopsis thaliana	3702	PRJEB37260	630638	Plants	Land Plants	120.693	36.3464	GCA_903064325.1	chromosome 1:LR797807.1; chromosome 2:LR797808.1; chromosome 3:LR797809.1; chromosome 4:LR797810.1; chromosome 5:LR797811.1		5			2020/05/15	2020/05/15	Chromosome	MAX PLANCK INSTITUTE FOR DEVELOPMENTAL BIOLOGY	SAMEA6623705
19047	Arabidopsis thaliana	3702	PRJNA779205	779205	Plants	Land Plants	120.087	36.1894	GCA_024498515.1	chromosome 1:CP086749.1; chromosome 2:CP086750.1; chromosome 3:CP086751.1; chromosome 4:CP086752.1; chromosome 5:CP086753.1		5			2022/08/01	2022/08/01	Chromosome	GMI - Gregor Mendel Institute	SAMN23014729
19312	Arabidopsis thaliana	3702	PRJNA834751	834751	Plants	Land Plants	119.744	36.0061	GCA_025388435.1	chromosome 1:CM046288.1; chromosome 2:CM046289.1; chromosome 3:CM046290.1; chromosome 4:CM046291.1; chromosome 5:CM046292.1; mitochondrion MT:CM046312.1; chloroplast Pltd:CM046313.1	JAMBAT01	36			2022/09/23	2022/09/25	Chromosome	INRAE/CNRS	SAMN28055790
19313	Arabidopsis thaliana	3702	PRJEB31147	572789	Plants	Land Plants	120.338	36.1308	GCA_902460285.1	chromosome 1:LR699770.1; chromosome 2:LR699771.1; chromosome 3:LR699772.1; chromosome 4:LR699773.1; chromosome 5:LR699774.1	CABPTM01	105			2019/08/27	2019/08/27	Chromosome	MAX PLANCK INSTITUTE FOR PLANT BREEDING RESEARCH	SAMEA5751963
19554	Arabidopsis thaliana	3702	PRJEB30763	522182	Plants	Land Plants	119.627	36.1052	GCA_900660825.1	chromosome 1:LR215052.1; chromosome 2:LR215053.1; chromosome 3:LR215054.1; chromosome 4:LR215055.1; chromosome 5:LR215056.1	CAACVU01	109			2019/02/11	2019/02/11	Chromosome	MAX PLANCK INSTITUTE FOR PLANT BREEDING RESEARCH	SAMEA5244800
19555	Arabidopsis thaliana	3702	PRJEB31147	572789	Plants	Land Plants	122.202	36.2377	GCA_902460305.1	chromosome 1:LR699755.1; chromosome 2:LR699756.1; chromosome 3:LR699757.1; chromosome 4:LR699758.1; chromosome 5:LR699759.1	CABPTJ01	184			2019/08/27	2019/08/27	Chromosome	MAX PLANCK INSTITUTE FOR PLANT BREEDING RESEARCH	SAMEA5751962
19768	Arabidopsis thaliana	3702	PRJEB51511	814609	Plants	Land Plants	138.836	36.4166	GCA_933208065.1	chromosome 1:OW119596.1; chromosome 2:OW119597.1; chromosome 3:OW119598.1; chromosome 4:OW119599.1; chromosome 5:OW119600.1; mitochondrion MT:OW119601.1; chloroplast Pltd:OW119602.1	CAKOER01	25			2022/03/10	2022/03/21	Chromosome	WELLCOME SANGER INSTITUTE	SAMEA7522056
19770	Arabidopsis thaliana	3702	PRJEB31147	572789	Plants	Land Plants	120.13	36.121	GCA_902460265.3	chromosome 1:LR699745.2; chromosome 2:LR699746.2; chromosome 3:LR699747.2; chromosome 4:LR699748.2; chromosome 5:LR699749.2	CABPTH03	111			2019/08/27	2019/08/27	Chromosome	MAX PLANCK INSTITUTE FOR PLANT BREEDING RESEARCH	SAMEA5751958
19964	Arabidopsis thaliana	3702	PRJEB31147	572789	Plants	Land Plants	119.75	36.0698	GCA_902460275.1	chromosome 1:LR699760.1; chromosome 2:LR699761.1; chromosome 3:LR699762.1; chromosome 4:LR699763.1; chromosome 5:LR699764.1	CABPTK01	102			2019/08/27	2019/08/27	Chromosome	MAX PLANCK INSTITUTE FOR PLANT BREEDING RESEARCH	SAMEA5751960
19965	Arabidopsis thaliana	3702	PRJEB31147	572789	Plants	Land Plants	120.29	36.1365	GCA_902460295.1	chromosome 1:LR699750.1; chromosome 2:LR699751.1; chromosome 3:LR699752.1; chromosome 4:LR699753.1; chromosome 5:LR699754.1	CABPTI01	94			2019/08/27	2019/08/27	Chromosome	MAX PLANCK INSTITUTE FOR PLANT BREEDING RESEARCH	SAMEA5751964
20139	Arabidopsis thaliana	3702	PRJEB31147	572789	Plants	Land Plants	120.795	36.1309	GCA_902460315.1	chromosome 1:LR699765.1; chromosome 2:LR699766.1; chromosome 3:LR699767.1; chromosome 4:LR699768.1; chromosome 5:LR699769.1	CABPTL01	142			2019/08/27	2019/08/27	Chromosome	MAX PLANCK INSTITUTE FOR PLANT BREEDING RESEARCH	SAMEA5751961
20140	Arabidopsis thaliana	3702	PRJNA311266	311266	Plants	Land Plants	118.891	35.8882	GCA_001651475.1	chromosome 1:CM004359.1; chromosome 2:CM004360.1; chromosome 3:CM004361.1; chromosome 4:CM004362.1; chromosome 5:CM004363.1	LUHQ01	30	27170.0	30837.0	2016/05/25	2016/05/27	Chromosome	Center for genomic Regulation	SAMN04457953
20296	Arabidopsis thaliana	3702	PRJEB35658	706965	Plants	Land Plants	124.088	36.4	GCA_905067165.1		CAJHIL01	35			2021/03/11	2021/03/11	Contig	CENTER FOR BIOTECHNOLOGY, BIELEFELD UNIVERSITY	SAMEA7490021
20297	Arabidopsis thaliana	3702	PRJEB44316	840115	Plants	Land Plants	117.099	36.1	GCA_910573875.1		CAJTBN01	79			2022/04/30	2022/04/30	Contig	INRAE	SAMEA8574185
20441	Arabidopsis thaliana	3702	PRJEB21270	400882	Plants	Land Plants	119.503	36.1	GCA_900303355.1		OMOL01	62			2018/03/09	2018/03/09	Contig	MPI FOR DEVELOPMENTAL BIOLOGY	SAMEA104665750
20442	Arabidopsis thaliana	3702	PRJEB49840	796906	Plants	Land Plants	129.409	36.2	GCA_927323615.1		CAKMHS01	54			2022/01/21	2022/01/21	Contig	Keygene N.V.	SAMEA12120298
20578	Arabidopsis thaliana	3702	PRJNA237120	237120	Plants	Land Plants	127.419	36.7	GCA_000835945.1		JSAD01	378			2014/11/10	2014/11/10	Contig	Pacific Biosciences	SAMN02724977
20579	Arabidopsis thaliana	3702	PRJEB23084	430541	Plants	Land Plants	119.75	36.1	GCA_900303345.1		OMOK01	78			2018/03/09	2018/03/09	Contig	MPI FOR DEVELOPMENTAL BIOLOGY	SAMEA104665749
20707	Arabidopsis thaliana	3702	PRJEB45213	840140	Plants	Land Plants	117.094	36.1	GCA_910574415.1		CAJTBL01	101			2022/04/30	2022/04/30	Contig	INRAE	SAMEA8574186
20708	Arabidopsis thaliana	3702	PRJEB23977	438629	Plants	Land Plants	119.167	36.1	GCA_900243945.1		OFAM01	59			2018/03/19	2018/03/19	Contig	SALK INSTITUTE FOR BIOLOGICAL STUDIES	SAMEA104444962
20830	Arabidopsis thaliana	3702	PRJEB37259	630637	Plants	Land Plants	120.615	36.1	GCA_903064315.1		CAEFZF01	86			2020/05/15	2020/05/15	Contig	MAX PLANCK INSTITUTE FOR DEVELOPMENTAL BIOLOGY	SAMEA6623704
20831	Arabidopsis thaliana	3702	PRJEB31147	572789	Plants	Land Plants	120.13	36.1	GCA_902651935.1		CACRSJ01	111	27194.0	27334.0	2019/11/12	2019/11/12	Scaffold	MAX PLANCK INSTITUTE FOR PLANT BREEDING RESEARCH	SAMEA5751958
20945	Arabidopsis thaliana	3702	PRJNA314706	314706	Plants	Land Plants	244.583	36.4	GCA_001753755.2		MJMM01	411			2016/10/07	2016/11/15	Contig	Pacific Biosciences	SAMN04539663
20946	Arabidopsis thaliana	3702	PRJEB23977	438629	Plants	Land Plants	119.203	36.0	GCA_900243935.1		OFEF01	40			2018/03/18	2018/03/18	Contig	SALK INSTITUTE FOR BIOLOGICAL STUDIES	SAMEA104444960
21048	Arabidopsis thaliana	3702	PRJEB31147	572789	Plants	Land Plants	119.225	36.0	GCA_902705455.1		CACSHJ01	98	27029.0	27213.0	2019/12/12	2019/12/12	Scaffold	MAX PLANCK INSTITUTE FOR PLANT BREEDING RESEARCH	SAMEA5751959
21050	Arabidopsis thaliana	3702	PRJEB23977	438629	Plants	Land Plants	119.128	36.2	GCA_900243955.1		OFAN01	139			2018/03/19	2018/03/19	Contig	SALK INSTITUTE FOR BIOLOGICAL STUDIES	SAMEA104444961
21144	Arabidopsis thaliana	3702	PRJNA302255	302255	Plants	Land Plants	116.846	36.1	GCA_001742845.1		LXSY01	5197			2016/09/23	2016/10/14	Scaffold	Bielefeld University, CeBiTec & Department of Biology	SAMN04270984
21145	Arabidopsis thaliana	3702	PRJNA30811	30811	Plants	Land Plants	98.0662	36.6	GCA_000222345.1		AFNB01	1740			2011/07/18	2014/08/11	Scaffold	1001genomes	SAMN02981335
21233	Arabidopsis thaliana	3702	PRJNA30811	30811	Plants	Land Plants	96.5002	36.7	GCA_000222325.1		AFNA01	2143			2011/07/18	2014/08/11	Scaffold	1001genomes	SAMN02981334
21234	Arabidopsis thaliana	3702	PRJNA30811	30811	Plants	Land Plants	96.2565	36.6	GCA_000222365.1		AFMZ01	1261			2011/07/18	2014/08/11	Scaffold	1001genomes	SAMN02981333
21321	Arabidopsis thaliana	3702	PRJNA30811	30811	Plants	Land Plants	96.694	36.7	GCA_000222385.1		AFNC01	2408			2011/07/18	2014/08/11	Scaffold	1001genomes	SAMN02981336
21322	Arabidopsis thaliana	3702	PRJEB51512	814610	Plants	Land Plants	0.840519	46.7	GCA_933208075.1		CAKOEQ01	18			2022/03/10	2022/03/21	Contig	WELLCOME SANGER INSTITUTE	SAMEA7522056
21407	Arabidopsis thaliana	3702	PRJNA13190	13190	Plants	Land Plants	93.6545	36.0433	GCA_000211275.1	chromosome 1 bottom arm:AE005173.1; chromosome 1 top arm:AE005172.1; chromosome 3:BA000014.8; chromosome 4 long arm:AJ270060.1; chromosome 4 short arm:AJ270058.1; chromosome 5:BA000015.5		6	16842.0	20111.0	2000/12/14	2007/05/19	Chromosome	Arabidopsis Genome Initiative	SAMN03081413
21408	Arabidopsis thaliana	3702	PRJEB23122	549192	Plants	Land Plants	0.195283	37.3	GCA_900234075.1		OCZF01	19			2019/06/17	2019/06/17	Contig	MPI FOR DEVELOPMENTAL BIOLOGY	SAMEA104356393
21492	Arabidopsis thaliana	3702	PRJEB23122	549192	Plants	Land Plants	1.71971	36.7	GCA_900234235.1		OCYH01	133			2019/06/17	2019/06/17	Contig	MPI FOR DEVELOPMENTAL BIOLOGY	SAMEA104356401
21495	Arabidopsis thaliana	3702	PRJEB23122	549192	Plants	Land Plants	1.87192	37.2	GCA_900233735.1		OCWZ01	156			2019/06/17	2019/06/17	Contig	MPI FOR DEVELOPMENTAL BIOLOGY	SAMEA104356344
21572	Arabidopsis thaliana	3702	PRJEB23122	549192	Plants	Land Plants	2.02645	36.8	GCA_900234125.1		OCXO01	164			2019/06/17	2019/06/17	Contig	MPI FOR DEVELOPMENTAL BIOLOGY	SAMEA104356389
21575	Arabidopsis thaliana	3702	PRJEB23122	549192	Plants	Land Plants	2.01361	36.5	GCA_900234305.1		OCYE01	163			2019/06/17	2019/06/17	Contig	MPI FOR DEVELOPMENTAL BIOLOGY	SAMEA104356397
21651	Arabidopsis thaliana	3702	PRJEB23122	549192	Plants	Land Plants	2.68429	37.0	GCA_900233785.1		OCWV01	231			2019/06/17	2019/06/17	Contig	MPI FOR DEVELOPMENTAL BIOLOGY	SAMEA104356346
21652	Arabidopsis thaliana	3702	PRJEB23122	549192	Plants	Land Plants	1.60963	37.1	GCA_900234265.1		OCYD01	141			2019/06/17	2019/06/17	Contig	MPI FOR DEVELOPMENTAL BIOLOGY	SAMEA104356409
21727	Arabidopsis thaliana	3702	PRJEB23122	549192	Plants	Land Plants	2.04223	36.6	GCA_900234185.1		OCYB01	169			2019/06/17	2019/06/17	Contig	MPI FOR DEVELOPMENTAL BIOLOGY	SAMEA104356403
21728	Arabidopsis thaliana	3702	PRJEB23122	549192	Plants	Land Plants	1.84553	36.5	GCA_900233775.1		OCWC01	154			2019/06/17	2019/06/17	Contig	MPI FOR DEVELOPMENTAL BIOLOGY	SAMEA104356356
21797	Arabidopsis thaliana	3702	PRJEB23122	549192	Plants	Land Plants	1.88946	36.9	GCA_900234295.1		OCYF01	171			2019/06/17	2019/06/17	Contig	MPI FOR DEVELOPMENTAL BIOLOGY	SAMEA104356400
21798	Arabidopsis thaliana	3702	PRJEB23122	549192	Plants	Land Plants	1.95856	36.9	GCA_900234275.1		OCYJ01	167			2019/06/17	2019/06/17	Contig	MPI FOR DEVELOPMENTAL BIOLOGY	SAMEA104356411
21867	Arabidopsis thaliana	3702	PRJEB23122	549192	Plants	Land Plants	1.53762	37.1	GCA_900233705.1		OCVZ01	126			2019/06/17	2019/06/17	Contig	MPI FOR DEVELOPMENTAL BIOLOGY	SAMEA104356358
21868	Arabidopsis thaliana	3702	PRJEB23122	549192	Plants	Land Plants	1.4141	37.0	GCA_900234025.1		OCXK01	116			2019/06/17	2019/06/17	Contig	MPI FOR DEVELOPMENTAL BIOLOGY	SAMEA104356391
21933	Arabidopsis thaliana	3702	PRJEB23122	549192	Plants	Land Plants	1.72997	36.9	GCA_900233685.1		OCWA01	149			2019/06/17	2019/06/17	Contig	MPI FOR DEVELOPMENTAL BIOLOGY	SAMEA104356350
21934	Arabidopsis thaliana	3702	PRJEB23122	549192	Plants	Land Plants	2.27092	36.4	GCA_900233725.1		OCWQ01	190			2019/06/17	2019/06/17	Contig	MPI FOR DEVELOPMENTAL BIOLOGY	SAMEA104356368
21997	Arabidopsis thaliana	3702	PRJEB23122	549192	Plants	Land Plants	2.13757	36.9	GCA_900234165.1		OCYN01	189			2019/06/17	2019/06/17	Contig	MPI FOR DEVELOPMENTAL BIOLOGY	SAMEA104356399
21999	Arabidopsis thaliana	3702	PRJEB23122	549192	Plants	Land Plants	1.73315	36.9	GCA_900234135.1		OCXS01	143			2019/06/17	2019/06/17	Contig	MPI FOR DEVELOPMENTAL BIOLOGY	SAMEA104356383
22060	Arabidopsis thaliana	3702	PRJEB23122	549192	Plants	Land Plants	1.78161	36.9	GCA_900233965.1		OCXD01	170			2019/06/17	2019/06/17	Contig	MPI FOR DEVELOPMENTAL BIOLOGY	SAMEA104356347
22061	Arabidopsis thaliana	3702	PRJEB23122	549192	Plants	Land Plants	1.93182	36.6	GCA_900234175.1		OCYM01	173			2019/06/17	2019/06/17	Contig	MPI FOR DEVELOPMENTAL BIOLOGY	SAMEA104356394
22116	Arabidopsis thaliana	3702	PRJEB23122	549192	Plants	Land Plants	1.8648	36.8	GCA_900234115.1		OCXN01	164			2019/06/17	2019/06/17	Contig	MPI FOR DEVELOPMENTAL BIOLOGY	SAMEA104356379
22117	Arabidopsis thaliana	3702	PRJEB23122	549192	Plants	Land Plants	2.27278	36.6	GCA_900233995.1		OCXQ01	199			2019/06/17	2019/06/17	Contig	MPI FOR DEVELOPMENTAL BIOLOGY	SAMEA104356386
22172	Arabidopsis thaliana	3702	PRJEB23122	549192	Plants	Land Plants	1.83575	36.9	GCA_900234145.1		OCXW01	156			2019/06/17	2019/06/17	Contig	MPI FOR DEVELOPMENTAL BIOLOGY	SAMEA104356405
22173	Arabidopsis thaliana	3702	PRJEB23122	549192	Plants	Land Plants	2.15462	36.9	GCA_900234285.1		OCYA01	194			2019/06/17	2019/06/17	Contig	MPI FOR DEVELOPMENTAL BIOLOGY	SAMEA104356396
22225	Arabidopsis thaliana	3702	PRJEB23122	549192	Plants	Land Plants	1.76999	37.1	GCA_900234105.1		OCXU01	156			2019/06/17	2019/06/17	Contig	MPI FOR DEVELOPMENTAL BIOLOGY	SAMEA104356377
22226	Arabidopsis thaliana	3702	PRJEB23122	549192	Plants	Land Plants	1.9492	36.9	GCA_900233755.1		OCWR01	183			2019/06/17	2019/06/17	Contig	MPI FOR DEVELOPMENTAL BIOLOGY	SAMEA104356375
22278	Arabidopsis thaliana	3702	PRJEB23122	549192	Plants	Land Plants	1.75614	36.8	GCA_900233985.1		OCXL01	156			2019/06/17	2019/06/17	Contig	MPI FOR DEVELOPMENTAL BIOLOGY	SAMEA104356381
22281	Arabidopsis thaliana	3702	PRJEB23122	549192	Plants	Land Plants	1.86784	37.0	GCA_900234215.1		OCYC01	173			2019/06/17	2019/06/17	Contig	MPI FOR DEVELOPMENTAL BIOLOGY	SAMEA104356402
22332	Arabidopsis thaliana	3702	PRJEB23122	549192	Plants	Land Plants	1.83401	37.7	GCA_900234205.1		OCYL01	182			2019/06/17	2019/06/17	Contig	MPI FOR DEVELOPMENTAL BIOLOGY	SAMEA104356407
22334	Arabidopsis thaliana	3702	PRJEB23122	549192	Plants	Land Plants	1.56864	37.1	GCA_900234065.1		OCXH01	151			2019/06/17	2019/06/17	Contig	MPI FOR DEVELOPMENTAL BIOLOGY	SAMEA104356384
22383	Arabidopsis thaliana	3702	PRJEB23122	549192	Plants	Land Plants	1.97277	36.7	GCA_900233765.1		OCWY01	169			2019/06/17	2019/06/17	Contig	MPI FOR DEVELOPMENTAL BIOLOGY	SAMEA104356365
22384	Arabidopsis thaliana	3702	PRJEB23122	549192	Plants	Land Plants	1.65792	37.1	GCA_900233795.1		OCXE01	153			2019/06/17	2019/06/17	Contig	MPI FOR DEVELOPMENTAL BIOLOGY	SAMEA104356349
22429	Arabidopsis thaliana	3702	PRJEB23122	549192	Plants	Land Plants	1.86401	37.0	GCA_900233745.1		OCWJ01	172			2019/06/17	2019/06/17	Contig	MPI FOR DEVELOPMENTAL BIOLOGY	SAMEA104356351
22430	Arabidopsis thaliana	3702	PRJEB23122	549192	Plants	Land Plants	1.93139	36.8	GCA_900234155.1		OCXX01	180			2019/06/17	2019/06/17	Contig	MPI FOR DEVELOPMENTAL BIOLOGY	SAMEA104356398
22474	Arabidopsis thaliana	3702	PRJEB23122	549192	Plants	Land Plants	1.62901	37.1	GCA_900234045.1		OCXG01	158			2019/06/17	2019/06/17	Contig	MPI FOR DEVELOPMENTAL BIOLOGY	SAMEA104356378
22475	Arabidopsis thaliana	3702	PRJEB23122	549192	Plants	Land Plants	1.93135	37.2	GCA_900234195.1		OCYG01	176			2019/06/17	2019/06/17	Contig	MPI FOR DEVELOPMENTAL BIOLOGY	SAMEA104356395
22518	Arabidopsis thaliana	3702	PRJEB23122	549192	Plants	Land Plants	1.82675	36.9	GCA_900233665.1		OCWE01	191			2019/06/17	2019/06/17	Contig	MPI FOR DEVELOPMENTAL BIOLOGY	SAMEA104356355
22519	Arabidopsis thaliana	3702	PRJEB23122	549192	Plants	Land Plants	1.72986	36.8	GCA_900233875.1		OCWP01	182			2019/06/17	2019/06/17	Contig	MPI FOR DEVELOPMENTAL BIOLOGY	SAMEA104356353
22558	Arabidopsis thaliana	3702	PRJEB23122	549192	Plants	Land Plants	1.37218	37.1	GCA_900233905.1		OCWL01	132			2019/06/17	2019/06/17	Contig	MPI FOR DEVELOPMENTAL BIOLOGY	SAMEA104356370
22561	Arabidopsis thaliana	3702	PRJEB23122	549192	Plants	Land Plants	1.68821	36.8	GCA_900233635.1		OCVY01	157			2019/06/17	2019/06/17	Contig	MPI FOR DEVELOPMENTAL BIOLOGY	SAMEA104356371
22596	Arabidopsis thaliana	3702	PRJEB23122	549192	Plants	Land Plants	1.65938	36.8	GCA_900233835.1		OCWB01	159			2019/06/17	2019/06/17	Contig	MPI FOR DEVELOPMENTAL BIOLOGY	SAMEA104356376
22601	Arabidopsis thaliana	3702	PRJEB23122	549192	Plants	Land Plants	2.05357	36.9	GCA_900234085.1		OCXM01	194			2019/06/17	2019/06/17	Contig	MPI FOR DEVELOPMENTAL BIOLOGY	SAMEA104356392
22634	Arabidopsis thaliana	3702	PRJEB23122	549192	Plants	Land Plants	1.55025	36.9	GCA_900234325.1		OCYO01	153			2019/06/17	2019/06/17	Contig	MPI FOR DEVELOPMENTAL BIOLOGY	SAMEA104356413
22638	Arabidopsis thaliana	3702	PRJEB23122	549192	Plants	Land Plants	1.34032	37.0	GCA_900233645.1		OCWG01	133			2019/06/17	2019/06/17	Contig	MPI FOR DEVELOPMENTAL BIOLOGY	SAMEA104356363
22671	Arabidopsis thaliana	3702	PRJEB23122	549192	Plants	Land Plants	1.90115	36.9	GCA_900234245.1		OCXY01	200			2019/06/17	2019/06/17	Contig	MPI FOR DEVELOPMENTAL BIOLOGY	SAMEA104356408
22675	Arabidopsis thaliana	3702	PRJEB23122	549192	Plants	Land Plants	1.7997	36.9	GCA_900234095.1		OCXR01	173			2019/06/17	2019/06/17	Contig	MPI FOR DEVELOPMENTAL BIOLOGY	SAMEA104356387
22706	Arabidopsis thaliana	3702	PRJEB23122	549192	Plants	Land Plants	1.33758	37.4	GCA_900233865.1		OCWN01	133			2019/06/17	2019/06/17	Contig	MPI FOR DEVELOPMENTAL BIOLOGY	SAMEA104356364
22709	Arabidopsis thaliana	3702	PRJEB23122	549192	Plants	Land Plants	1.5272	36.7	GCA_900233805.1		OCWS01	146			2019/06/17	2019/06/17	Contig	MPI FOR DEVELOPMENTAL BIOLOGY	SAMEA104356373
22739	Arabidopsis thaliana	3702	PRJEB23122	549192	Plants	Land Plants	2.18075	36.9	GCA_900234035.1		OCXI01	205			2019/06/17	2019/06/17	Contig	MPI FOR DEVELOPMENTAL BIOLOGY	SAMEA104356390
22741	Arabidopsis thaliana	3702	PRJEB23122	549192	Plants	Land Plants	1.60312	37.1	GCA_900234365.1		OCYP01	153			2019/06/17	2019/06/17	Contig	MPI FOR DEVELOPMENTAL BIOLOGY	SAMEA104356412
22770	Arabidopsis thaliana	3702	PRJEB23122	549192	Plants	Land Plants	1.4618	37.3	GCA_900233825.1		OCWH01	147			2019/06/17	2019/06/17	Contig	MPI FOR DEVELOPMENTAL BIOLOGY	SAMEA104356367
22773	Arabidopsis thaliana	3702	PRJEB23122	549192	Plants	Land Plants	1.61604	36.6	GCA_900233855.1		OCXC01	153			2019/06/17	2019/06/17	Contig	MPI FOR DEVELOPMENTAL BIOLOGY	SAMEA104356414
22802	Arabidopsis thaliana	3702	PRJEB23122	549192	Plants	Land Plants	1.80119	37.1	GCA_900233695.1		OCXF01	169			2019/06/17	2019/06/17	Contig	MPI FOR DEVELOPMENTAL BIOLOGY	SAMEA104356348
22805	Arabidopsis thaliana	3702	PRJEB23122	549192	Plants	Land Plants	1.66717	37.0	GCA_900234315.1		OCYK01	179			2019/06/17	2019/06/17	Contig	MPI FOR DEVELOPMENTAL BIOLOGY	SAMEA104356406
22834	Arabidopsis thaliana	3702	PRJEB23122	549192	Plants	Land Plants	1.36257	37.2	GCA_900233915.1		OCXB01	136			2019/06/17	2019/06/17	Contig	MPI FOR DEVELOPMENTAL BIOLOGY	SAMEA104356361
22837	Arabidopsis thaliana	3702	PRJEB23122	549192	Plants	Land Plants	1.76317	37.1	GCA_900234055.1		OCXV01	182			2019/06/17	2019/06/17	Contig	MPI FOR DEVELOPMENTAL BIOLOGY	SAMEA104356382
22864	Arabidopsis thaliana	3702	PRJEB23122	549192	Plants	Land Plants	1.38144	37.3	GCA_900233885.1		OCWT01	140			2019/06/17	2019/06/17	Contig	MPI FOR DEVELOPMENTAL BIOLOGY	SAMEA104356372
22867	Arabidopsis thaliana	3702	PRJEB23122	549192	Plants	Land Plants	1.15189	37.3	GCA_900233655.1		OCWF01	124			2019/06/17	2019/06/17	Contig	MPI FOR DEVELOPMENTAL BIOLOGY	SAMEA104356362
22894	Arabidopsis thaliana	3702	PRJEB23122	549192	Plants	Land Plants	1.33529	37.4	GCA_900234005.1		OCXJ01	137			2019/06/17	2019/06/17	Contig	MPI FOR DEVELOPMENTAL BIOLOGY	SAMEA104356380
22897	Arabidopsis thaliana	3702	PRJEB23122	549192	Plants	Land Plants	1.71934	37.1	GCA_900233815.1		OCWO01	188			2019/06/17	2019/06/17	Contig	MPI FOR DEVELOPMENTAL BIOLOGY	SAMEA104356360
22923	Arabidopsis thaliana	3702	PRJEB23122	549192	Plants	Land Plants	1.11018	37.8	GCA_900234015.1		OCXT01	124			2019/06/17	2019/06/17	Contig	MPI FOR DEVELOPMENTAL BIOLOGY	SAMEA104356385
22926	Arabidopsis thaliana	3702	PRJEB23122	549192	Plants	Land Plants	1.03397	37.6	GCA_900233675.1		OCWK01	120			2019/06/17	2019/06/17	Contig	MPI FOR DEVELOPMENTAL BIOLOGY	SAMEA104356369
22953	Arabidopsis thaliana	3702	PRJEB23122	549192	Plants	Land Plants	1.15	37.4	GCA_900233845.1		OCWM01	133			2019/06/17	2019/06/17	Contig	MPI FOR DEVELOPMENTAL BIOLOGY	SAMEA104356366
22956	Arabidopsis thaliana	3702	PRJEB23122	549192	Plants	Land Plants	1.31957	37.3	GCA_900233895.1		OCWX01	158			2019/06/17	2019/06/17	Contig	MPI FOR DEVELOPMENTAL BIOLOGY	SAMEA104356359
22982	Arabidopsis thaliana	3702	PRJEB23122	549192	Plants	Land Plants	1.14084	37.6	GCA_900233715.1		OCXA01	138			2019/06/17	2019/06/17	Contig	MPI FOR DEVELOPMENTAL BIOLOGY	SAMEA104356374
22985	Arabidopsis thaliana	3702	PRJEB23122	549192	Plants	Land Plants	1.26394	37.5	GCA_900233945.1		OCWD01	151			2019/06/17	2019/06/17	Contig	MPI FOR DEVELOPMENTAL BIOLOGY	SAMEA104356357
23008	Arabidopsis thaliana	3702	PRJEB23122	549192	Plants	Land Plants	2.03504	38.9	GCA_900233925.1		OCWI01	248			2019/06/17	2019/06/17	Contig	MPI FOR DEVELOPMENTAL BIOLOGY	SAMEA104356354
23011	Arabidopsis thaliana	3702	PRJEB23122	549192	Plants	Land Plants	0.844674	40.9	GCA_900233975.1		OCXP01	119			2019/06/17	2019/06/17	Contig	MPI FOR DEVELOPMENTAL BIOLOGY	SAMEA104356388
23033	Arabidopsis thaliana	3702	PRJEB23122	549192	Plants	Land Plants	0.838703	37.3	GCA_900233955.1		OCWU01	109			2019/06/17	2019/06/17	Contig	MPI FOR DEVELOPMENTAL BIOLOGY	SAMEA104356352
23036	Arabidopsis thaliana	3702	PRJEB23122	549192	Plants	Land Plants	0.32515	38.6	GCA_900234225.1		OCYI01	52			2019/06/17	2019/06/17	Contig	MPI FOR DEVELOPMENTAL BIOLOGY	SAMEA104356410
23057	Arabidopsis thaliana	3702	PRJEB23122	549192	Plants	Land Plants	0.847842	37.4	GCA_900234255.1		OCXZ01	146			2019/06/17	2019/06/17	Contig	MPI FOR DEVELOPMENTAL BIOLOGY	SAMEA104356404
